Workbook

Sheet FP Units
A1: FP Units
A2: Function | B2: Complexity | C2: FPs
A3: ILF | B3: Simple | C3: 7
B4: Average | C4: 10
B5: Complex | C5: 15
A6: EIF | B6: Simple | C6: 5
B7: Average | C7: 7
B8: Complex | C8: 10
A9: EI | B9: Simple | C9: 3
B10: Average | C10: 4
B11: Complex | C11: 6
A12: EO | B12: Simple | C12: 4
B13: Average | C13: 5
B14: Complex | C14: 7
A15: EQ | B15: Simple | C15: 3
B16: Average | C16: 4
B17: Complex | C17: 6

Sheet FPs
D1: ILF | G1: EIF | J1: EI | M1: EO | P1: EQ
A2: Features / Subsystems | B2: Comments / Functional Specification | C2: Ref | D2: Low (7) | E2: Avg (10) | F2: High (15) | G2: Low (5) | H2: Avg (7) | I2: High (10) | J2: Low (3) | K2: Avg (4) | L2: High (6) | M2: Low (4) | N2: Avg (5) | O2: High (7) | P2: Low (3) | Q2: Avg (4) | R2: High (6) | S2: Total FPs | T2: DEV Days | U2: DEV Hours | V2: Total Days
A3: Módulo 1: Seguridad y Autenticación | B3: Lectura de tarjeta y validación de clave PIN encriptada con host bancario | C3: REF-01 | D3: 0 | E3: 0 | F3: 0 | G3: 0 | H3: 0 | I3: 0 | J3: 0 | K3: 1 | L3: 0 | M3: 0 | N3: 0 | O3: 0 | P3: 0 | Q3: 0 | R3: 0 | S3: =(D3*7+E3*10+F3*15 + G3*5+H3*7+I3*10 + J3*3+K3*4+L3*6 + M3*4+N3*5+O3*7 + P3*3+Q3*4+R3*6) -> 4 | T3: =S3*(Effort!B36/Effort!B37) -> 0.21052632 | U3: =T3*8 -> 1.6842105 | V3: =T3 -> 0.21052632
A4: Módulo 2: Retiro de Efectivo y Gavetas | B4: Transacción de retiro, control de límites y dispensación de billetes físicos | C4: REF-02 | D4: 1 | E4: 0 | F4: 0 | G4: 0 | H4: 0 | I4: 0 | J4: 0 | K4: 1 | L4: 0 | M4: 1 | N4: 0 | O4: 0 | P4: 0 | Q4: 0 | R4: 0 | S4: =(D4*7+E4*10+F4*15 + G4*5+H4*7+I4*10 + J4*3+K4*4+L4*6 + M4*4+N4*5+O4*7 + P4*3+Q4*4+R4*6) -> 15 | T4: =S4*(Effort!B36/Effort!B37) -> 0.78947368 | U4: =T4*8 -> 6.3157895 | V4: =T4 -> 0.78947368
A5: Módulo 3: Depósito y Transferencias | B5: Recepción y conteo de billetes en tolva, y transferencias interbancarias vía Consorcio | C5: REF-03 | D5: 0 | E5: 0 | F5: 0 | G5: 0 | H5: 0 | I5: 0 | J5: 0 | K5: 2 | L5: 0 | M5: 0 | N5: 0 | O5: 0 | P5: 0 | Q5: 0 | R5: 0 | S5: =(D5*7+E5*10+F5*15 + G5*5+H5*7+I5*10 + J5*3+K5*4+L5*6 + M5*4+N5*5+O5*7 + P5*3+Q5*4+R5*6) -> 8 | T5: =S5*(Effort!B36/Effort!B37) -> 0.42105263 | U5: =T5*8 -> 3.3684211 | V5: =T5 -> 0.42105263
A6: Módulo 4: Consultas y Comprobantes | B6: Consulta de saldo, reporte de últimos movimientos y emisión de comprobante impreso | C6: REF-04 | D6: 0 | E6: 0 | F6: 0 | G6: 0 | H6: 0 | I6: 0 | J6: 0 | K6: 0 | L6: 0 | M6: 0 | N6: 1 | O6: 0 | P6: 1 | Q6: 1 | R6: 0 | S6: =(D6*7+E6*10+F6*15 + G6*5+H6*7+I6*10 + J6*3+K6*4+L6*6 + M6*4+N6*5+O6*7 + P6*3+Q6*4+R6*6) -> 12 | T6: =S6*(Effort!B36/Effort!B37) -> 0.63157895 | U6: =T6*8 -> 5.0526316 | V6: =T6 -> 0.63157895
A7: Módulo 5: Almacenamiento Local (ALI) | B7: Diario local de transacciones para auditoría y registro de efectivo en casetes | C7: REF-05 | D7: 1 | E7: 0 | F7: 0 | G7: 0 | H7: 0 | I7: 0 | J7: 0 | K7: 0 | L7: 0 | M7: 0 | N7: 0 | O7: 0 | P7: 0 | Q7: 0 | R7: 0 | S7: =(D7*7+E7*10+F7*15 + G7*5+H7*7+I7*10 + J7*3+K7*4+L7*6 + M7*4+N7*5+O7*7 + P7*3+Q7*4+R7*6) -> 7 | T7: =S7*(Effort!B36/Effort!B37) -> 0.36842105 | U7: =T7*8 -> 2.9473684 | V7: =T7 -> 0.36842105
A8: Módulo 6: Interfaces Externas (AIE) | B8: Base de cuentas del Banco Emisor y Red de Enrutamiento del Consorcio | C8: REF-06 | D8: 0 | E8: 0 | F8: 0 | G8: 0 | H8: 2 | I8: 0 | J8: 0 | K8: 0 | L8: 0 | M8: 0 | N8: 0 | O8: 0 | P8: 0 | Q8: 0 | R8: 0 | S8: =(D8*7+E8*10+F8*15 + G8*5+H8*7+I8*10 + J8*3+K8*4+L8*6 + M8*4+N8*5+O8*7 + P8*3+Q8*4+R8*6) -> 14 | T8: =S8*(Effort!B36/Effort!B37) -> 0.73684211 | U8: =T8*8 -> 5.8947368 | V8: =T8 -> 0.73684211
A9: Total Puntos de Función No Ajustados (PFNA) | S9: =SUM(S3:S8) -> 60 | T9: =SUM(T3:T8) -> 3.1578947 | U9: =SUM(U3:U8) -> 25.263158 | V9: =SUM(V3:V8) -> 3.1578947

Sheet Backfiring
A1: Language / Technology | B1: SLOC per FP | C1: Comments
A2: C++ | B2: 60 | C2: ATM Native Controller
A3: Java, JSP, J2EE | B3: 60 | C3: Average enterprise standard
A4: C# / .NET | B4: 59 | C4: Enterprise client
A5: JavaScript | B5: 56 | C5: Web/Electron frontends
A6: Visual Basic | B6: 50 | C6: Legacy clients
A7: PLSQL / SQL | B7: 42 | C7: Database stored procedures

Sheet Effort
A1: COCOMO II Post-Architecture Estimation - ATM Project
A3: Fórmula Base: PM = A * (Size)^E * Product(EM)
A4: Exponente: E = B + (0.01 * SUM(Scaling Factors))
A6: Factores de Escala (SF)
A7: SF | B7: Descripción | C7: Nivel | D7: Valor
A8: Maturity | B8: Madurez de Procesos CMMi | C8: Nominal | D8: 4.68
A9: PREC | B9: Precedencia de Proyectos Similares | C9: Nominal | D9: 3.72
A10: FLEX | B10: Flexibilidad de Desarrollo | C10: Nominal | D10: 2.03
A11: TEAM | B11: Cohesión del Equipo de Desarrollo | C11: Extremely High | D11: 0
A12: RESL | B12: Resolución de Riesgos y Arquitectura | C12: Nominal | D12: 2.83
A14: Multiplicadores de Esfuerzo (EM)
A15: EM | B15: Descripción | C15: Nivel | D15: Valor
A16: RCPX | B16: Confiabilidad y Complejidad del Sistema | C16: Extra Low | D16: 0.49
A17: RUSE | B17: Reusabilidad de Componentes | C17: Low | D17: 0.95
A18: PDIF | B18: Dificultad de Plataforma Hardware | C18: Very Low | D18: 0.87
A19: PERS | B19: Capacidad Técnica del Personal | C19: High | D19: 0.83
A20: PREX | B20: Experiencia en Plataforma y Herramientas | C20: High | D20: 0.87
A21: FCIL | B21: Facilidades y Herramientas CASE | C21: High | D21: 0.87
A22: SCED | B22: Restricción y Presión de Cronograma | C22: Nominal | D22: 1
A24: Parámetros y Constantes
A25: B (Base Exponente) | B25: 0.91
A26: A (Constante Multiplicadora) | B26: 2.94
A27: E (Exponente Calculado) | B27: =B25+(0.01*SUM(D8:D12)) -> 1.0426
A28: EM (Producto Multiplicadores) | B28: =PRODUCT(D16:D22) -> 0.25442251
A30: Consolidado de Dimensionamiento y Esfuerzo
A31: Tecnología de Implementación | B31: Java / C++ Embebido
A32: Puntos de Función (Total FP) | B32: =FPs!S9 -> 60
A33: SLOC por FP | B33: 60
A34: SLOC Totales | B34: =B32*B33 -> 3600
A35: KSLOC (Size en miles de líneas) | B35: =B34/1000 -> 3.6
A36: Esfuerzo COCOMO II (PM - Person-Months) | B36: =B26*(B35^B27)*B28 -> 2.8438315
A37: Man-Days (19 días laborales por mes) | B37: =B36*19 -> 54.032798
A38: Total Horas de Trabajo (8h/día) | B38: =B37*8 -> 432.26238
A39: Horas por Punto de Función (Productividad) | B39: =B38/B32 -> 7.204373

Sheet Cost
A1: Desglose de Esfuerzo por Fases y Costo del Proyecto ATM
A3: Categoría / Fase del Ciclo de Vida | B3: % Distribución | C3: Esfuerzo (Días) | D3: Esfuerzo (Horas) | E3: Tarifa por Hora (S/) | F3: Costo en Soles (S/)
A4: Análisis de Requerimientos | B4: 0.07 | C4: =B4*Effort!B37 -> 3.7822958 | D4: =C4*8 -> 30.258367 | E4: 20.817913 | F4: =D4*E4 -> 629.91603
A5: Arquitectura y Diseño | B5: 0.07 | C5: =B5*Effort!B37 -> 3.7822958 | D5: =C5*8 -> 30.258367 | E5: 20.817913 | F5: =D5*E5 -> 629.91603
A6: Desarrollo y Construcción | B6: 0.38 | C6: =B6*Effort!B37 -> 20.532463 | D6: =C6*8 -> 164.2597 | E6: 20.817913 | F6: =D6*E6 -> 3419.5442
A7: Revisión de Cambios de Cliente | B7: 0.1 | C7: =B7*Effort!B37 -> 5.4032798 | D7: =C7*8 -> 43.226238 | E7: 20.817913 | F7: =D7*E7 -> 899.88005
A8: Planificación de Pruebas | B8: 0.04 | C8: =B8*Effort!B37 -> 2.1613119 | D8: =C8*8 -> 17.290495 | E8: 20.817913 | F8: =D8*E8 -> 359.95202
A9: Ejecución de Pruebas y QA | B9: 0.1 | C9: =B9*Effort!B37 -> 5.4032798 | D9: =C9*8 -> 43.226238 | E9: 20.817913 | F9: =D9*E9 -> 899.88005
A10: Corrección de Defectos (Bug Fixes) | B10: 0.1 | C10: =B10*Effort!B37 -> 5.4032798 | D10: =C10*8 -> 43.226238 | E10: 20.817913 | F10: =D10*E10 -> 899.88005
A11: Despliegue y Puesta en Producción | B11: 0.02 | C11: =B11*Effort!B37 -> 1.080656 | D11: =C11*8 -> 8.6452476 | E11: 20.817913 | F11: =D11*E11 -> 179.97601
A12: Planificación del Proyecto | B12: 0.02 | C12: =B12*Effort!B37 -> 1.080656 | D12: =C12*8 -> 8.6452476 | E12: 20.817913 | F12: =D12*E12 -> 179.97601
A13: Monitoreo y Control | B13: 0.06 | C13: =B13*Effort!B37 -> 3.2419679 | D13: =C13*8 -> 25.935743 | E13: 20.817913 | F13: =D13*E13 -> 539.92803
A14: Gestión de Configuración (CM) | B14: 0.04 | C14: =B14*Effort!B37 -> 2.1613119 | D14: =C14*8 -> 17.290495 | E14: 20.817913 | F14: =D14*E14 -> 359.95202
A15: Total Proyecto ATM | B15: =SUM(B4:B14) -> 1 | C15: =SUM(C4:C14) -> 54.032798 | D15: =SUM(D4:D14) -> 432.26238 | F15: =SUM(F4:F14) -> 8998.8005
